continent,country,year,pop
Asia,Afghanistan,1952,8425333
Asia,Afghanistan,1957,9240934
Asia,Afghanistan,1962,10267083
Asia,Afghanistan,1967,11537966
Asia,Afghanistan,1972,13079460
Asia,Afghanistan,1977,14880372
Asia,Afghanistan,1982,12881816
Asia,Afghanistan,1987,13867957
Asia,Afghanistan,1992,16317921
Asia,Afghanistan,1997,22227415
Asia,Afghanistan,2002,25268405
Asia,Afghanistan,2007,31889923
Europe,Albania,1952,1282697
Europe,Albania,1957,1476505
Europe,Albania,1962,1728137
Europe,Albania,1967,1984060
Europe,Albania,1972,2263554
Europe,Albania,1977,2509048
Europe,Albania,1982,2780097
Europe,Albania,1987,3075321
Europe,Albania,1992,3326498
Europe,Albania,1997,3428038
Europe,Albania,2002,3508512
Europe,Albania,2007,3600523
Africa,Algeria,1952,9279525
Africa,Algeria,1957,10270856
Africa,Algeria,1962,11000948
Africa,Algeria,1967,12760499
Africa,Algeria,1972,14760787
Africa,Algeria,1977,17152804
Africa,Algeria,1982,20033753
Africa,Algeria,1987,23254956
Africa,Algeria,1992,26298373
Africa,Algeria,1997,29072015
Africa,Algeria,2002,31287142
Africa,Algeria,2007,33333216
Africa,Angola,1952,4232095
Africa,Angola,1957,4561361
Africa,Angola,1962,4826015
Africa,Angola,1967,5247469
Africa,Angola,1972,5894858
Africa,Angola,1977,6162675
Africa,Angola,1982,7016384
Africa,Angola,1987,7874230
Africa,Angola,1992,8735988
Africa,Angola,1997,9875024
Africa,Angola,2002,10866106
Africa,Angola,2007,12420476
Americas,Argentina,1952,17876956
Americas,Argentina,1957,19610538
Americas,Argentina,1962,21283783
Americas,Argentina,1967,22934225
Americas,Argentina,1972,24779799
Americas,Argentina,1977,26983828
Americas,Argentina,1982,29341374
Americas,Argentina,1987,31620918
Americas,Argentina,1992,33958947
Americas,Argentina,1997,36203463
Americas,Argentina,2002,38331121
Americas,Argentina,2007,40301927
Oceania,Australia,1952,8691212
Oceania,Australia,1957,9712569
Oceania,Australia,1962,10794968
Oceania,Australia,1967,11872264
Oceania,Australia,1972,13177000
Oceania,Australia,1977,14074100
Oceania,Australia,1982,15184200
Oceania,Australia,1987,16257249
Oceania,Australia,1992,17481977
Oceania,Australia,1997,18565243
Oceania,Australia,2002,19546792
Oceania,Australia,2007,20434176
Europe,Austria,1952,6927772
Europe,Austria,1957,6965860
Europe,Austria,1962,7129864
Europe,Austria,1967,7376998
Europe,Austria,1972,7544201
Europe,Austria,1977,7568430
Europe,Austria,1982,7574613
Europe,Austria,1987,7578903
Europe,Austria,1992,7914969
Europe,Austria,1997,8069876
Europe,Austria,2002,8148312
Europe,Austria,2007,8199783
Asia,Bahrain,1952,120447
Asia,Bahrain,1957,138655
Asia,Bahrain,1962,171863
Asia,Bahrain,1967,202182
Asia,Bahrain,1972,230800
Asia,Bahrain,1977,297410
Asia,Bahrain,1982,377967
Asia,Bahrain,1987,454612
Asia,Bahrain,1992,529491
Asia,Bahrain,1997,598561
Asia,Bahrain,2002,656397
Asia,Bahrain,2007,708573
Asia,Bangladesh,1952,46886859
Asia,Bangladesh,1957,51365468
Asia,Bangladesh,1962,56839289
Asia,Bangladesh,1967,62821884
Asia,Bangladesh,1972,70759295
Asia,Bangladesh,1977,80428306
Asia,Bangladesh,1982,93074406
Asia,Bangladesh,1987,103764241
Asia,Bangladesh,1992,113704579
Asia,Bangladesh,1997,123315288
Asia,Bangladesh,2002,135656790
Asia,Bangladesh,2007,150448339
Europe,Belgium,1952,8730405
Europe,Belgium,1957,8989111
Europe,Belgium,1962,9218400
Europe,Belgium,1967,9556500
Europe,Belgium,1972,9709100
Europe,Belgium,1977,9821800
Europe,Belgium,1982,9856303
Europe,Belgium,1987,9870200
Europe,Belgium,1992,10045622
Europe,Belgium,1997,10199787
Europe,Belgium,2002,10311970
Europe,Belgium,2007,10392226
Africa,Benin,1952,1738315
Africa,Benin,1957,1925173
Africa,Benin,1962,2151895
Africa,Benin,1967,2427334
Africa,Benin,1972,2761407
Africa,Benin,1977,3168267
Africa,Benin,1982,3641603
Africa,Benin,1987,4243788
Africa,Benin,1992,4981671
Africa,Benin,1997,6066080
Africa,Benin,2002,7026113
Africa,Benin,2007,8078314
Americas,Bolivia,1952,2883315
Americas,Bolivia,1957,3211738
Americas,Bolivia,1962,3593918
Americas,Bolivia,1967,4040665
Americas,Bolivia,1972,4565872
Americas,Bolivia,1977,5079716
Americas,Bolivia,1982,5642224
Americas,Bolivia,1987,6156369
Americas,Bolivia,1992,6893451
Americas,Bolivia,1997,7693188
Americas,Bolivia,2002,8445134
Americas,Bolivia,2007,9119152
Europe,Bosnia and Herzegovina,1952,2791000
Europe,Bosnia and Herzegovina,1957,3076000
Europe,Bosnia and Herzegovina,1962,3349000
Europe,Bosnia and Herzegovina,1967,3585000
Europe,Bosnia and Herzegovina,1972,3819000
Europe,Bosnia and Herzegovina,1977,4086000
Europe,Bosnia and Herzegovina,1982,4172693
Europe,Bosnia and Herzegovina,1987,4338977
Europe,Bosnia and Herzegovina,1992,4256013
Europe,Bosnia and Herzegovina,1997,3607000
Europe,Bosnia and Herzegovina,2002,4165416
Europe,Bosnia and Herzegovina,2007,4552198
Africa,Botswana,1952,442308
Africa,Botswana,1957,474639
Africa,Botswana,1962,512764
Africa,Botswana,1967,553541
Africa,Botswana,1972,619351
Africa,Botswana,1977,781472
Africa,Botswana,1982,970347
Africa,Botswana,1987,1151184
Africa,Botswana,1992,1342614
Africa,Botswana,1997,1536536
Africa,Botswana,2002,1630347
Africa,Botswana,2007,1639131
Americas,Brazil,1952,56602560
Americas,Brazil,1957,65551171
Americas,Brazil,1962,76039390
Americas,Brazil,1967,88049823
Americas,Brazil,1972,100840058
Americas,Brazil,1977,114313951
Americas,Brazil,1982,128962939
Americas,Brazil,1987,142938076
Americas,Brazil,1992,155975974
Americas,Brazil,1997,168546719
Americas,Brazil,2002,179914212
Americas,Brazil,2007,190010647
Europe,Bulgaria,1952,7274900
Europe,Bulgaria,1957,7651254
Europe,Bulgaria,1962,8012946
Europe,Bulgaria,1967,8310226
Europe,Bulgaria,1972,8576200
Europe,Bulgaria,1977,8797022
Europe,Bulgaria,1982,8892098
Europe,Bulgaria,1987,8971958
Europe,Bulgaria,1992,8658506
Europe,Bulgaria,1997,8066057
Europe,Bulgaria,2002,7661799
Europe,Bulgaria,2007,7322858
Africa,Burkina Faso,1952,4469979
Africa,Burkina Faso,1957,4713416
Africa,Burkina Faso,1962,4919632
Africa,Burkina Faso,1967,5127935
Africa,Burkina Faso,1972,5433886
Africa,Burkina Faso,1977,5889574
Africa,Burkina Faso,1982,6634596
Africa,Burkina Faso,1987,7586551
Africa,Burkina Faso,1992,8878303
Africa,Burkina Faso,1997,10352843
Africa,Burkina Faso,2002,12251209
Africa,Burkina Faso,2007,14326203
Africa,Burundi,1952,2445618
Africa,Burundi,1957,2667518
Africa,Burundi,1962,2961915
Africa,Burundi,1967,3330989
Africa,Burundi,1972,3529983
Africa,Burundi,1977,3834415
Africa,Burundi,1982,4580410
Africa,Burundi,1987,5126023
Africa,Burundi,1992,5809236
Africa,Burundi,1997,6121610
Africa,Burundi,2002,7021078
Africa,Burundi,2007,8390505
Asia,Cambodia,1952,4693836
Asia,Cambodia,1957,5322536
Asia,Cambodia,1962,6083619
Asia,Cambodia,1967,6960067
Asia,Cambodia,1972,7450606
Asia,Cambodia,1977,6978607
Asia,Cambodia,1982,7272485
Asia,Cambodia,1987,8371791
Asia,Cambodia,1992,10150094
Asia,Cambodia,1997,11782962
Asia,Cambodia,2002,12926707
Asia,Cambodia,2007,14131858
Africa,Cameroon,1952,5009067
Africa,Cameroon,1957,5359923
Africa,Cameroon,1962,5793633
Africa,Cameroon,1967,6335506
Africa,Cameroon,1972,7021028
Africa,Cameroon,1977,7959865
Africa,Cameroon,1982,9250831
Africa,Cameroon,1987,10780667
Africa,Cameroon,1992,12467171
Africa,Cameroon,1997,14195809
Africa,Cameroon,2002,15929988
Africa,Cameroon,2007,17696293
Americas,Canada,1952,14785584
Americas,Canada,1957,17010154
Americas,Canada,1962,18985849
Americas,Canada,1967,20819767
Americas,Canada,1972,22284500
Americas,Canada,1977,23796400
Americas,Canada,1982,25201900
Americas,Canada,1987,26549700
Americas,Canada,1992,28523502
Americas,Canada,1997,30305843
Americas,Canada,2002,31902268
Americas,Canada,2007,33390141
Africa,Central African Republic,1952,1291695
Africa,Central African Republic,1957,1392284
Africa,Central African Republic,1962,1523478
Africa,Central African Republic,1967,1733638
Africa,Central African Republic,1972,1927260
Africa,Central African Republic,1977,2167533
Africa,Central African Republic,1982,2476971
Africa,Central African Republic,1987,2840009
Africa,Central African Republic,1992,3265124
Africa,Central African Republic,1997,3696513
Africa,Central African Republic,2002,4048013
Africa,Central African Republic,2007,4369038
Africa,Chad,1952,2682462
Africa,Chad,1957,2894855
Africa,Chad,1962,3150417
Africa,Chad,1967,3495967
Africa,Chad,1972,3899068
Africa,Chad,1977,4388260
Africa,Chad,1982,4875118
Africa,Chad,1987,5498955
Africa,Chad,1992,6429417
Africa,Chad,1997,7562011
Africa,Chad,2002,8835739
Africa,Chad,2007,10238807
Americas,Chile,1952,6377619
Americas,Chile,1957,7048426
Americas,Chile,1962,7961258
Americas,Chile,1967,8858908
Americas,Chile,1972,9717524
Americas,Chile,1977,10599793
Americas,Chile,1982,11487112
Americas,Chile,1987,12463354
Americas,Chile,1992,13572994
Americas,Chile,1997,14599929
Americas,Chile,2002,15497046
Americas,Chile,2007,16284741
Asia,China,1952,556263527
Asia,China,1957,637408000
Asia,China,1962,665770000
Asia,China,1967,754550000
Asia,China,1972,862030000
Asia,China,1977,943455000
Asia,China,1982,1000281000
Asia,China,1987,1084035000
Asia,China,1992,1164970000
Asia,China,1997,1230075000
Asia,China,2002,1280400000
Asia,China,2007,1318683096
Americas,Colombia,1952,12350771
Americas,Colombia,1957,14485993
Americas,Colombia,1962,17009885
Americas,Colombia,1967,19764027
Americas,Colombia,1972,22542890
Americas,Colombia,1977,25094412
Americas,Colombia,1982,27764644
Americas,Colombia,1987,30964245
Americas,Colombia,1992,34202721
Americas,Colombia,1997,37657830
Americas,Colombia,2002,41008227
Americas,Colombia,2007,44227550
Africa,Comoros,1952,153936
Africa,Comoros,1957,170928
Africa,Comoros,1962,191689
Africa,Comoros,1967,217378
Africa,Comoros,1972,250027
Africa,Comoros,1977,304739
Africa,Comoros,1982,348643
Africa,Comoros,1987,395114
Africa,Comoros,1992,454429
Africa,Comoros,1997,527982
Africa,Comoros,2002,614382
Africa,Comoros,2007,710960
Africa,"Congo, Dem. Rep.",1952,14100005
Africa,"Congo, Dem. Rep.",1957,15577932
Africa,"Congo, Dem. Rep.",1962,17486434
Africa,"Congo, Dem. Rep.",1967,19941073
Africa,"Congo, Dem. Rep.",1972,23007669
Africa,"Congo, Dem. Rep.",1977,26480870
Africa,"Congo, Dem. Rep.",1982,30646495
Africa,"Congo, Dem. Rep.",1987,35481645
Africa,"Congo, Dem. Rep.",1992,41672143
Africa,"Congo, Dem. Rep.",1997,47798986
Africa,"Congo, Dem. Rep.",2002,55379852
Africa,"Congo, Dem. Rep.",2007,64606759
Africa,"Congo, Rep.",1952,854885
Africa,"Congo, Rep.",1957,940458
Africa,"Congo, Rep.",1962,1047924
Africa,"Congo, Rep.",1967,1179760
Africa,"Congo, Rep.",1972,1340458
Africa,"Congo, Rep.",1977,1536769
Africa,"Congo, Rep.",1982,1774735
Africa,"Congo, Rep.",1987,2064095
Africa,"Congo, Rep.",1992,2409073
Africa,"Congo, Rep.",1997,2800947
Africa,"Congo, Rep.",2002,3328795
Africa,"Congo, Rep.",2007,3800610
Americas,Costa Rica,1952,926317
Americas,Costa Rica,1957,1112300
Americas,Costa Rica,1962,1345187
Americas,Costa Rica,1967,1588717
Americas,Costa Rica,1972,1834796
Americas,Costa Rica,1977,2108457
Americas,Costa Rica,1982,2424367
Americas,Costa Rica,1987,2799811
Americas,Costa Rica,1992,3173216
Americas,Costa Rica,1997,3518107
Americas,Costa Rica,2002,3834934
Americas,Costa Rica,2007,4133884
Africa,Cote d'Ivoire,1952,2977019
Africa,Cote d'Ivoire,1957,3300000
Africa,Cote d'Ivoire,1962,3832408
Africa,Cote d'Ivoire,1967,4744870
Africa,Cote d'Ivoire,1972,6071696
Africa,Cote d'Ivoire,1977,7459574
Africa,Cote d'Ivoire,1982,9025951
Africa,Cote d'Ivoire,1987,10761098
Africa,Cote d'Ivoire,1992,12772596
Africa,Cote d'Ivoire,1997,14625967
Africa,Cote d'Ivoire,2002,16252726
Africa,Cote d'Ivoire,2007,18013409
Europe,Croatia,1952,3882229
Europe,Croatia,1957,3991242
Europe,Croatia,1962,4076557
Europe,Croatia,1967,4174366
Europe,Croatia,1972,4225310
Europe,Croatia,1977,4318673
Europe,Croatia,1982,4413368
Europe,Croatia,1987,4484310
Europe,Croatia,1992,4494013
Europe,Croatia,1997,4444595
Europe,Croatia,2002,4481020
Europe,Croatia,2007,4493312
Americas,Cuba,1952,6007797
Americas,Cuba,1957,6640752
Americas,Cuba,1962,7254373
Americas,Cuba,1967,8139332
Americas,Cuba,1972,8831348
Americas,Cuba,1977,9537988
Americas,Cuba,1982,9789224
Americas,Cuba,1987,10239839
Americas,Cuba,1992,10723260
Americas,Cuba,1997,10983007
Americas,Cuba,2002,11226999
Americas,Cuba,2007,11416987
Europe,Czech Republic,1952,9125183
Europe,Czech Republic,1957,9513758
Europe,Czech Republic,1962,9620282
Europe,Czech Republic,1967,9835109
Europe,Czech Republic,1972,9862158
Europe,Czech Republic,1977,10161915
Europe,Czech Republic,1982,10303704
Europe,Czech Republic,1987,10311597
Europe,Czech Republic,1992,10315702
Europe,Czech Republic,1997,10300707
Europe,Czech Republic,2002,10256295
Europe,Czech Republic,2007,10228744
Europe,Denmark,1952,4334000
Europe,Denmark,1957,4487831
Europe,Denmark,1962,4646899
Europe,Denmark,1967,4838800
Europe,Denmark,1972,4991596
Europe,Denmark,1977,5088419
Europe,Denmark,1982,5117810
Europe,Denmark,1987,5127024
Europe,Denmark,1992,5171393
Europe,Denmark,1997,5283663
Europe,Denmark,2002,5374693
Europe,Denmark,2007,5468120
Africa,Djibouti,1952,63149
Africa,Djibouti,1957,71851
Africa,Djibouti,1962,89898
Africa,Djibouti,1967,127617
Africa,Djibouti,1972,178848
Africa,Djibouti,1977,228694
Africa,Djibouti,1982,305991
Africa,Djibouti,1987,311025
Africa,Djibouti,1992,384156
Africa,Djibouti,1997,417908
Africa,Djibouti,2002,447416
Africa,Djibouti,2007,496374
Americas,Dominican Republic,1952,2491346
Americas,Dominican Republic,1957,2923186
Americas,Dominican Republic,1962,3453434
Americas,Dominican Republic,1967,4049146
Americas,Dominican Republic,1972,4671329
Americas,Dominican Republic,1977,5302800
Americas,Dominican Republic,1982,5968349
Americas,Dominican Republic,1987,6655297
Americas,Dominican Republic,1992,7351181
Americas,Dominican Republic,1997,7992357
Americas,Dominican Republic,2002,8650322
Americas,Dominican Republic,2007,9319622
Americas,Ecuador,1952,3548753
Americas,Ecuador,1957,4058385
Americas,Ecuador,1962,4681707
Americas,Ecuador,1967,5432424
Americas,Ecuador,1972,6298651
Americas,Ecuador,1977,7278866
Americas,Ecuador,1982,8365850
Americas,Ecuador,1987,9545158
Americas,Ecuador,1992,10748394
Americas,Ecuador,1997,11911819
Americas,Ecuador,2002,12921234
Americas,Ecuador,2007,13755680
Africa,Egypt,1952,22223309
Africa,Egypt,1957,25009741
Africa,Egypt,1962,28173309
Africa,Egypt,1967,31681188
Africa,Egypt,1972,34807417
Africa,Egypt,1977,38783863
Africa,Egypt,1982,45681811
Africa,Egypt,1987,52799062
Africa,Egypt,1992,59402198
Africa,Egypt,1997,66134291
Africa,Egypt,2002,73312559
Africa,Egypt,2007,80264543
Americas,El Salvador,1952,2042865
Americas,El Salvador,1957,2355805
Americas,El Salvador,1962,2747687
Americas,El Salvador,1967,3232927
Americas,El Salvador,1972,3790903
Americas,El Salvador,1977,4282586
Americas,El Salvador,1982,4474873
Americas,El Salvador,1987,4842194
Americas,El Salvador,1992,5274649
Americas,El Salvador,1997,5783439
Americas,El Salvador,2002,6353681
Americas,El Salvador,2007,6939688
Africa,Equatorial Guinea,1952,216964
Africa,Equatorial Guinea,1957,232922
Africa,Equatorial Guinea,1962,249220
Africa,Equatorial Guinea,1967,259864
Africa,Equatorial Guinea,1972,277603
Africa,Equatorial Guinea,1977,192675
Africa,Equatorial Guinea,1982,285483
Africa,Equatorial Guinea,1987,341244
Africa,Equatorial Guinea,1992,387838
Africa,Equatorial Guinea,1997,439971
Africa,Equatorial Guinea,2002,495627
Africa,Equatorial Guinea,2007,551201
Africa,Eritrea,1952,1438760
Africa,Eritrea,1957,1542611
Africa,Eritrea,1962,1666618
Africa,Eritrea,1967,1820319
Africa,Eritrea,1972,2260187
Africa,Eritrea,1977,2512642
Africa,Eritrea,1982,2637297
Africa,Eritrea,1987,2915959
Africa,Eritrea,1992,3668440
Africa,Eritrea,1997,4058319
Africa,Eritrea,2002,4414865
Africa,Eritrea,2007,4906585
Africa,Ethiopia,1952,20860941
Africa,Ethiopia,1957,22815614
Africa,Ethiopia,1962,25145372
Africa,Ethiopia,1967,27860297
Africa,Ethiopia,1972,30770372
Africa,Ethiopia,1977,34617799
Africa,Ethiopia,1982,38111756
Africa,Ethiopia,1987,42999530
Africa,Ethiopia,1992,52088559
Africa,Ethiopia,1997,59861301
Africa,Ethiopia,2002,67946797
Africa,Ethiopia,2007,76511887
Europe,Finland,1952,4090500
Europe,Finland,1957,4324000
Europe,Finland,1962,4491443
Europe,Finland,1967,4605744
Europe,Finland,1972,4639657
Europe,Finland,1977,4738902
Europe,Finland,1982,4826933
Europe,Finland,1987,4931729
Europe,Finland,1992,5041039
Europe,Finland,1997,5134406
Europe,Finland,2002,5193039
Europe,Finland,2007,5238460
Europe,France,1952,42459667
Europe,France,1957,44310863
Europe,France,1962,47124000
Europe,France,1967,49569000
Europe,France,1972,51732000
Europe,France,1977,53165019
Europe,France,1982,54433565
Europe,France,1987,55630100
Europe,France,1992,57374179
Europe,France,1997,58623428
Europe,France,2002,59925035
Europe,France,2007,61083916
Africa,Gabon,1952,420702
Africa,Gabon,1957,434904
Africa,Gabon,1962,455661
Africa,Gabon,1967,489004
Africa,Gabon,1972,537977
Africa,Gabon,1977,706367
Africa,Gabon,1982,753874
Africa,Gabon,1987,880397
Africa,Gabon,1992,985739
Africa,Gabon,1997,1126189
Africa,Gabon,2002,1299304
Africa,Gabon,2007,1454867
Africa,Gambia,1952,284320
Africa,Gambia,1957,323150
Africa,Gambia,1962,374020
Africa,Gambia,1967,439593
Africa,Gambia,1972,517101
Africa,Gambia,1977,608274
Africa,Gambia,1982,715523
Africa,Gambia,1987,848406
Africa,Gambia,1992,1025384
Africa,Gambia,1997,1235767
Africa,Gambia,2002,1457766
Africa,Gambia,2007,1688359
Europe,Germany,1952,69145952
Europe,Germany,1957,71019069
Europe,Germany,1962,73739117
Europe,Germany,1967,76368453
Europe,Germany,1972,78717088
Europe,Germany,1977,78160773
Europe,Germany,1982,78335266
Europe,Germany,1987,77718298
Europe,Germany,1992,80597764
Europe,Germany,1997,82011073
Europe,Germany,2002,82350671
Europe,Germany,2007,82400996
Africa,Ghana,1952,5581001
Africa,Ghana,1957,6391288
Africa,Ghana,1962,7355248
Africa,Ghana,1967,8490213
Africa,Ghana,1972,9354120
Africa,Ghana,1977,10538093
Africa,Ghana,1982,11400338
Africa,Ghana,1987,14168101
Africa,Ghana,1992,16278738
Africa,Ghana,1997,18418288
Africa,Ghana,2002,20550751
Africa,Ghana,2007,22873338
Europe,Greece,1952,7733250
Europe,Greece,1957,8096218
Europe,Greece,1962,8448233
Europe,Greece,1967,8716441
Europe,Greece,1972,8888628
Europe,Greece,1977,9308479
Europe,Greece,1982,9786480
Europe,Greece,1987,9974490
Europe,Greece,1992,10325429
Europe,Greece,1997,10502372
Europe,Greece,2002,10603863
Europe,Greece,2007,10706290
Americas,Guatemala,1952,3146381
Americas,Guatemala,1957,3640876
Americas,Guatemala,1962,4208858
Americas,Guatemala,1967,4690773
Americas,Guatemala,1972,5149581
Americas,Guatemala,1977,5703430
Americas,Guatemala,1982,6395630
Americas,Guatemala,1987,7326406
Americas,Guatemala,1992,8486949
Americas,Guatemala,1997,9803875
Americas,Guatemala,2002,11178650
Americas,Guatemala,2007,12572928
Africa,Guinea,1952,2664249
Africa,Guinea,1957,2876726
Africa,Guinea,1962,3140003
Africa,Guinea,1967,3451418
Africa,Guinea,1972,3811387
Africa,Guinea,1977,4227026
Africa,Guinea,1982,4710497
Africa,Guinea,1987,5650262
Africa,Guinea,1992,6990574
Africa,Guinea,1997,8048834
Africa,Guinea,2002,8807818
Africa,Guinea,2007,9947814
Africa,Guinea-Bissau,1952,580653
Africa,Guinea-Bissau,1957,601095
Africa,Guinea-Bissau,1962,627820
Africa,Guinea-Bissau,1967,601287
Africa,Guinea-Bissau,1972,625361
Africa,Guinea-Bissau,1977,745228
Africa,Guinea-Bissau,1982,825987
Africa,Guinea-Bissau,1987,927524
Africa,Guinea-Bissau,1992,1050938
Africa,Guinea-Bissau,1997,1193708
Africa,Guinea-Bissau,2002,1332459
Africa,Guinea-Bissau,2007,1472041
Americas,Haiti,1952,3201488
Americas,Haiti,1957,3507701
Americas,Haiti,1962,3880130
Americas,Haiti,1967,4318137
Americas,Haiti,1972,4698301
Americas,Haiti,1977,4908554
Americas,Haiti,1982,5198399
Americas,Haiti,1987,5756203
Americas,Haiti,1992,6326682
Americas,Haiti,1997,6913545
Americas,Haiti,2002,7607651
Americas,Haiti,2007,8502814
Americas,Honduras,1952,1517453
Americas,Honduras,1957,1770390
Americas,Honduras,1962,2090162
Americas,Honduras,1967,2500689
Americas,Honduras,1972,2965146
Americas,Honduras,1977,3055235
Americas,Honduras,1982,3669448
Americas,Honduras,1987,4372203
Americas,Honduras,1992,5077347
Americas,Honduras,1997,5867957
Americas,Honduras,2002,6677328
Americas,Honduras,2007,7483763
Asia,"Hong Kong, China",1952,2125900
Asia,"Hong Kong, China",1957,2736300
Asia,"Hong Kong, China",1962,3305200
Asia,"Hong Kong, China",1967,3722800
Asia,"Hong Kong, China",1972,4115700
Asia,"Hong Kong, China",1977,4583700
Asia,"Hong Kong, China",1982,5264500
Asia,"Hong Kong, China",1987,5584510
Asia,"Hong Kong, China",1992,5829696
Asia,"Hong Kong, China",1997,6495918
Asia,"Hong Kong, China",2002,6762476
Asia,"Hong Kong, China",2007,6980412
Europe,Hungary,1952,9504000
Europe,Hungary,1957,9839000
Europe,Hungary,1962,10063000
Europe,Hungary,1967,10223422
Europe,Hungary,1972,10394091
Europe,Hungary,1977,10637171
Europe,Hungary,1982,10705535
Europe,Hungary,1987,10612740
Europe,Hungary,1992,10348684
Europe,Hungary,1997,10244684
Europe,Hungary,2002,10083313
Europe,Hungary,2007,9956108
Europe,Iceland,1952,147962
Europe,Iceland,1957,165110
Europe,Iceland,1962,182053
Europe,Iceland,1967,198676
Europe,Iceland,1972,209275
Europe,Iceland,1977,221823
Europe,Iceland,1982,233997
Europe,Iceland,1987,244676
Europe,Iceland,1992,259012
Europe,Iceland,1997,271192
Europe,Iceland,2002,288030
Europe,Iceland,2007,301931
Asia,India,1952,372000000
Asia,India,1957,409000000
Asia,India,1962,454000000
Asia,India,1967,506000000
Asia,India,1972,567000000
Asia,India,1977,634000000
Asia,India,1982,708000000
Asia,India,1987,788000000
Asia,India,1992,872000000
Asia,India,1997,959000000
Asia,India,2002,1034172547
Asia,India,2007,1110396331
Asia,Indonesia,1952,82052000
Asia,Indonesia,1957,90124000
Asia,Indonesia,1962,99028000
Asia,Indonesia,1967,109343000
Asia,Indonesia,1972,121282000
Asia,Indonesia,1977,136725000
Asia,Indonesia,1982,153343000
Asia,Indonesia,1987,169276000
Asia,Indonesia,1992,184816000
Asia,Indonesia,1997,199278000
Asia,Indonesia,2002,211060000
Asia,Indonesia,2007,223547000
Asia,Iran,1952,17272000
Asia,Iran,1957,19792000
Asia,Iran,1962,22874000
Asia,Iran,1967,26538000
Asia,Iran,1972,30614000
Asia,Iran,1977,35480679
Asia,Iran,1982,43072751
Asia,Iran,1987,51889696
Asia,Iran,1992,60397973
Asia,Iran,1997,63327987
Asia,Iran,2002,66907826
Asia,Iran,2007,69453570
Asia,Iraq,1952,5441766
Asia,Iraq,1957,6248643
Asia,Iraq,1962,7240260
Asia,Iraq,1967,8519282
Asia,Iraq,1972,10061506
Asia,Iraq,1977,11882916
Asia,Iraq,1982,14173318
Asia,Iraq,1987,16543189
Asia,Iraq,1992,17861905
Asia,Iraq,1997,20775703
Asia,Iraq,2002,24001816
Asia,Iraq,2007,27499638
Europe,Ireland,1952,2952156
Europe,Ireland,1957,2878220
Europe,Ireland,1962,2830000
Europe,Ireland,1967,2900100
Europe,Ireland,1972,3024400
Europe,Ireland,1977,3271900
Europe,Ireland,1982,3480000
Europe,Ireland,1987,3539900
Europe,Ireland,1992,3557761
Europe,Ireland,1997,3667233
Europe,Ireland,2002,3879155
Europe,Ireland,2007,4109086
Asia,Israel,1952,1620914
Asia,Israel,1957,1944401
Asia,Israel,1962,2310904
Asia,Israel,1967,2693585
Asia,Israel,1972,3095893
Asia,Israel,1977,3495918
Asia,Israel,1982,3858421
Asia,Israel,1987,4203148
Asia,Israel,1992,4936550
Asia,Israel,1997,5531387
Asia,Israel,2002,6029529
Asia,Israel,2007,6426679
Europe,Italy,1952,47666000
Europe,Italy,1957,49182000
Europe,Italy,1962,50843200
Europe,Italy,1967,52667100
Europe,Italy,1972,54365564
Europe,Italy,1977,56059245
Europe,Italy,1982,56535636
Europe,Italy,1987,56729703
Europe,Italy,1992,56840847
Europe,Italy,1997,57479469
Europe,Italy,2002,57926999
Europe,Italy,2007,58147733
Americas,Jamaica,1952,1426095
Americas,Jamaica,1957,1535090
Americas,Jamaica,1962,1665128
Americas,Jamaica,1967,1861096
Americas,Jamaica,1972,1997616
Americas,Jamaica,1977,2156814
Americas,Jamaica,1982,2298309
Americas,Jamaica,1987,2326606
Americas,Jamaica,1992,2378618
Americas,Jamaica,1997,2531311
Americas,Jamaica,2002,2664659
Americas,Jamaica,2007,2780132
Asia,Japan,1952,86459025
Asia,Japan,1957,91563009
Asia,Japan,1962,95831757
Asia,Japan,1967,100825279
Asia,Japan,1972,107188273
Asia,Japan,1977,113872473
Asia,Japan,1982,118454974
Asia,Japan,1987,122091325
Asia,Japan,1992,124329269
Asia,Japan,1997,125956499
Asia,Japan,2002,127065841
Asia,Japan,2007,127467972
Asia,Jordan,1952,607914
Asia,Jordan,1957,746559
Asia,Jordan,1962,933559
Asia,Jordan,1967,1255058
Asia,Jordan,1972,1613551
Asia,Jordan,1977,1937652
Asia,Jordan,1982,2347031
Asia,Jordan,1987,2820042
Asia,Jordan,1992,3867409
Asia,Jordan,1997,4526235
Asia,Jordan,2002,5307470
Asia,Jordan,2007,6053193
Africa,Kenya,1952,6464046
Africa,Kenya,1957,7454779
Africa,Kenya,1962,8678557
Africa,Kenya,1967,10191512
Africa,Kenya,1972,12044785
Africa,Kenya,1977,14500404
Africa,Kenya,1982,17661452
Africa,Kenya,1987,21198082
Africa,Kenya,1992,25020539
Africa,Kenya,1997,28263827
Africa,Kenya,2002,31386842
Africa,Kenya,2007,35610177
Asia,"Korea, Dem. Rep.",1952,8865488
Asia,"Korea, Dem. Rep.",1957,9411381
Asia,"Korea, Dem. Rep.",1962,10917494
Asia,"Korea, Dem. Rep.",1967,12617009
Asia,"Korea, Dem. Rep.",1972,14781241
Asia,"Korea, Dem. Rep.",1977,16325320
Asia,"Korea, Dem. Rep.",1982,17647518
Asia,"Korea, Dem. Rep.",1987,19067554
Asia,"Korea, Dem. Rep.",1992,20711375
Asia,"Korea, Dem. Rep.",1997,21585105
Asia,"Korea, Dem. Rep.",2002,22215365
Asia,"Korea, Dem. Rep.",2007,23301725
Asia,"Korea, Rep.",1952,20947571
Asia,"Korea, Rep.",1957,22611552
Asia,"Korea, Rep.",1962,26420307
Asia,"Korea, Rep.",1967,30131000
Asia,"Korea, Rep.",1972,33505000
Asia,"Korea, Rep.",1977,36436000
Asia,"Korea, Rep.",1982,39326000
Asia,"Korea, Rep.",1987,41622000
Asia,"Korea, Rep.",1992,43805450
Asia,"Korea, Rep.",1997,46173816
Asia,"Korea, Rep.",2002,47969150
Asia,"Korea, Rep.",2007,49044790
Asia,Kuwait,1952,160000
Asia,Kuwait,1957,212846
Asia,Kuwait,1962,358266
Asia,Kuwait,1967,575003
Asia,Kuwait,1972,841934
Asia,Kuwait,1977,1140357
Asia,Kuwait,1982,1497494
Asia,Kuwait,1987,1891487
Asia,Kuwait,1992,1418095
Asia,Kuwait,1997,1765345
Asia,Kuwait,2002,2111561
Asia,Kuwait,2007,2505559
Asia,Lebanon,1952,1439529
Asia,Lebanon,1957,1647412
Asia,Lebanon,1962,1886848
Asia,Lebanon,1967,2186894
Asia,Lebanon,1972,2680018
Asia,Lebanon,1977,3115787
Asia,Lebanon,1982,3086876
Asia,Lebanon,1987,3089353
Asia,Lebanon,1992,3219994
Asia,Lebanon,1997,3430388
Asia,Lebanon,2002,3677780
Asia,Lebanon,2007,3921278
Africa,Lesotho,1952,748747
Africa,Lesotho,1957,813338
Africa,Lesotho,1962,893143
Africa,Lesotho,1967,996380
Africa,Lesotho,1972,1116779
Africa,Lesotho,1977,1251524
Africa,Lesotho,1982,1411807
Africa,Lesotho,1987,1599200
Africa,Lesotho,1992,1803195
Africa,Lesotho,1997,1982823
Africa,Lesotho,2002,2046772
Africa,Lesotho,2007,2012649
Africa,Liberia,1952,863308
Africa,Liberia,1957,975950
Africa,Liberia,1962,1112796
Africa,Liberia,1967,1279406
Africa,Liberia,1972,1482628
Africa,Liberia,1977,1703617
Africa,Liberia,1982,1956875
Africa,Liberia,1987,2269414
Africa,Liberia,1992,1912974
Africa,Liberia,1997,2200725
Africa,Liberia,2002,2814651
Africa,Liberia,2007,3193942
Africa,Libya,1952,1019729
Africa,Libya,1957,1201578
Africa,Libya,1962,1441863
Africa,Libya,1967,1759224
Africa,Libya,1972,2183877
Africa,Libya,1977,2721783
Africa,Libya,1982,3344074
Africa,Libya,1987,3799845
Africa,Libya,1992,4364501
Africa,Libya,1997,4759670
Africa,Libya,2002,5368585
Africa,Libya,2007,6036914
Africa,Madagascar,1952,4762912
Africa,Madagascar,1957,5181679
Africa,Madagascar,1962,5703324
Africa,Madagascar,1967,6334556
Africa,Madagascar,1972,7082430
Africa,Madagascar,1977,8007166
Africa,Madagascar,1982,9171477
Africa,Madagascar,1987,10568642
Africa,Madagascar,1992,12210395
Africa,Madagascar,1997,14165114
Africa,Madagascar,2002,16473477
Africa,Madagascar,2007,19167654
Africa,Malawi,1952,2917802
Africa,Malawi,1957,3221238
Africa,Malawi,1962,3628608
Africa,Malawi,1967,4147252
Africa,Malawi,1972,4730997
Africa,Malawi,1977,5637246
Africa,Malawi,1982,6502825
Africa,Malawi,1987,7824747
Africa,Malawi,1992,10014249
Africa,Malawi,1997,10419991
Africa,Malawi,2002,11824495
Africa,Malawi,2007,13327079
Asia,Malaysia,1952,6748378
Asia,Malaysia,1957,7739235
Asia,Malaysia,1962,8906385
Asia,Malaysia,1967,10154878
Asia,Malaysia,1972,11441462
Asia,Malaysia,1977,12845381
Asia,Malaysia,1982,14441916
Asia,Malaysia,1987,16331785
Asia,Malaysia,1992,18319502
Asia,Malaysia,1997,20476091
Asia,Malaysia,2002,22662365
Asia,Malaysia,2007,24821286
Africa,Mali,1952,3838168
Africa,Mali,1957,4241884
Africa,Mali,1962,4690372
Africa,Mali,1967,5212416
Africa,Mali,1972,5828158
Africa,Mali,1977,6491649
Africa,Mali,1982,6998256
Africa,Mali,1987,7634008
Africa,Mali,1992,8416215
Africa,Mali,1997,9384984
Africa,Mali,2002,10580176
Africa,Mali,2007,12031795
Africa,Mauritania,1952,1022556
Africa,Mauritania,1957,1076852
Africa,Mauritania,1962,1146757
Africa,Mauritania,1967,1230542
Africa,Mauritania,1972,1332786
Africa,Mauritania,1977,1456688
Africa,Mauritania,1982,1622136
Africa,Mauritania,1987,1841240
Africa,Mauritania,1992,2119465
Africa,Mauritania,1997,2444741
Africa,Mauritania,2002,2828858
Africa,Mauritania,2007,3270065
Africa,Mauritius,1952,516556
Africa,Mauritius,1957,609816
Africa,Mauritius,1962,701016
Africa,Mauritius,1967,789309
Africa,Mauritius,1972,851334
Africa,Mauritius,1977,913025
Africa,Mauritius,1982,992040
Africa,Mauritius,1987,1042663
Africa,Mauritius,1992,1096202
Africa,Mauritius,1997,1149818
Africa,Mauritius,2002,1200206
Africa,Mauritius,2007,1250882
Americas,Mexico,1952,30144317
Americas,Mexico,1957,35015548
Americas,Mexico,1962,41121485
Americas,Mexico,1967,47995559
Americas,Mexico,1972,55984294
Americas,Mexico,1977,63759976
Americas,Mexico,1982,71640904
Americas,Mexico,1987,80122492
Americas,Mexico,1992,88111030
Americas,Mexico,1997,95895146
Americas,Mexico,2002,102479927
Americas,Mexico,2007,108700891
Asia,Mongolia,1952,800663
Asia,Mongolia,1957,882134
Asia,Mongolia,1962,1010280
Asia,Mongolia,1967,1149500
Asia,Mongolia,1972,1320500
Asia,Mongolia,1977,1528000
Asia,Mongolia,1982,1756032
Asia,Mongolia,1987,2015133
Asia,Mongolia,1992,2312802
Asia,Mongolia,1997,2494803
Asia,Mongolia,2002,2674234
Asia,Mongolia,2007,2874127
Europe,Montenegro,1952,413834
Europe,Montenegro,1957,442829
Europe,Montenegro,1962,474528
Europe,Montenegro,1967,501035
Europe,Montenegro,1972,527678
Europe,Montenegro,1977,560073
Europe,Montenegro,1982,562548
Europe,Montenegro,1987,569473
Europe,Montenegro,1992,621621
Europe,Montenegro,1997,692651
Europe,Montenegro,2002,720230
Europe,Montenegro,2007,684736
Africa,Morocco,1952,9939217
Africa,Morocco,1957,11406350
Africa,Morocco,1962,13056604
Africa,Morocco,1967,14770296
Africa,Morocco,1972,16660670
Africa,Morocco,1977,18396941
Africa,Morocco,1982,20198730
Africa,Morocco,1987,22987397
Africa,Morocco,1992,25798239
Africa,Morocco,1997,28529501
Africa,Morocco,2002,31167783
Africa,Morocco,2007,33757175
Africa,Mozambique,1952,6446316
Africa,Mozambique,1957,7038035
Africa,Mozambique,1962,7788944
Africa,Mozambique,1967,8680909
Africa,Mozambique,1972,9809596
Africa,Mozambique,1977,11127868
Africa,Mozambique,1982,12587223
Africa,Mozambique,1987,12891952
Africa,Mozambique,1992,13160731
Africa,Mozambique,1997,16603334
Africa,Mozambique,2002,18473780
Africa,Mozambique,2007,19951656
Asia,Myanmar,1952,20092996
Asia,Myanmar,1957,21731844
Asia,Myanmar,1962,23634436
Asia,Myanmar,1967,25870271
Asia,Myanmar,1972,28466390
Asia,Myanmar,1977,31528087
Asia,Myanmar,1982,34680442
Asia,Myanmar,1987,38028578
Asia,Myanmar,1992,40546538
Asia,Myanmar,1997,43247867
Asia,Myanmar,2002,45598081
Asia,Myanmar,2007,47761980
Africa,Namibia,1952,485831
Africa,Namibia,1957,548080
Africa,Namibia,1962,621392
Africa,Namibia,1967,706640
Africa,Namibia,1972,821782
Africa,Namibia,1977,977026
Africa,Namibia,1982,1099010
Africa,Namibia,1987,1278184
Africa,Namibia,1992,1554253
Africa,Namibia,1997,1774766
Africa,Namibia,2002,1972153
Africa,Namibia,2007,2055080
Asia,Nepal,1952,9182536
Asia,Nepal,1957,9682338
Asia,Nepal,1962,10332057
Asia,Nepal,1967,11261690
Asia,Nepal,1972,12412593
Asia,Nepal,1977,13933198
Asia,Nepal,1982,15796314
Asia,Nepal,1987,17917180
Asia,Nepal,1992,20326209
Asia,Nepal,1997,23001113
Asia,Nepal,2002,25873917
Asia,Nepal,2007,28901790
Europe,Netherlands,1952,10381988
Europe,Netherlands,1957,11026383
Europe,Netherlands,1962,11805689
Europe,Netherlands,1967,12596822
Europe,Netherlands,1972,13329874
Europe,Netherlands,1977,13852989
Europe,Netherlands,1982,14310401
Europe,Netherlands,1987,14665278
Europe,Netherlands,1992,15174244
Europe,Netherlands,1997,15604464
Europe,Netherlands,2002,16122830
Europe,Netherlands,2007,16570613
Oceania,New Zealand,1952,1994794
Oceania,New Zealand,1957,2229407
Oceania,New Zealand,1962,2488550
Oceania,New Zealand,1967,2728150
Oceania,New Zealand,1972,2929100
Oceania,New Zealand,1977,3164900
Oceania,New Zealand,1982,3210650
Oceania,New Zealand,1987,3317166
Oceania,New Zealand,1992,3437674
Oceania,New Zealand,1997,3676187
Oceania,New Zealand,2002,3908037
Oceania,New Zealand,2007,4115771
Americas,Nicaragua,1952,1165790
Americas,Nicaragua,1957,1358828
Americas,Nicaragua,1962,1590597
Americas,Nicaragua,1967,1865490
Americas,Nicaragua,1972,2182908
Americas,Nicaragua,1977,2554598
Americas,Nicaragua,1982,2979423
Americas,Nicaragua,1987,3344353
Americas,Nicaragua,1992,4017939
Americas,Nicaragua,1997,4609572
Americas,Nicaragua,2002,5146848
Americas,Nicaragua,2007,5675356
Africa,Niger,1952,3379468
Africa,Niger,1957,3692184
Africa,Niger,1962,4076008
Africa,Niger,1967,4534062
Africa,Niger,1972,5060262
Africa,Niger,1977,5682086
Africa,Niger,1982,6437188
Africa,Niger,1987,7332638
Africa,Niger,1992,8392818
Africa,Niger,1997,9666252
Africa,Niger,2002,11140655
Africa,Niger,2007,12894865
Africa,Nigeria,1952,33119096
Africa,Nigeria,1957,37173340
Africa,Nigeria,1962,41871351
Africa,Nigeria,1967,47287752
Africa,Nigeria,1972,53740085
Africa,Nigeria,1977,62209173
Africa,Nigeria,1982,73039376
Africa,Nigeria,1987,81551520
Africa,Nigeria,1992,93364244
Africa,Nigeria,1997,106207839
Africa,Nigeria,2002,119901274
Africa,Nigeria,2007,135031164
Europe,Norway,1952,3327728
Europe,Norway,1957,3491938
Europe,Norway,1962,3638919
Europe,Norway,1967,3786019
Europe,Norway,1972,3933004
Europe,Norway,1977,4043205
Europe,Norway,1982,4114787
Europe,Norway,1987,4186147
Europe,Norway,1992,4286357
Europe,Norway,1997,4405672
Europe,Norway,2002,4535591
Europe,Norway,2007,4627926
Asia,Oman,1952,507833
Asia,Oman,1957,561977
Asia,Oman,1962,628164
Asia,Oman,1967,714775
Asia,Oman,1972,829050
Asia,Oman,1977,1004533
Asia,Oman,1982,1301048
Asia,Oman,1987,1593882
Asia,Oman,1992,1915208
Asia,Oman,1997,2283635
Asia,Oman,2002,2713462
Asia,Oman,2007,3204897
Asia,Pakistan,1952,41346560
Asia,Pakistan,1957,46679944
Asia,Pakistan,1962,53100671
Asia,Pakistan,1967,60641899
Asia,Pakistan,1972,69325921
Asia,Pakistan,1977,78152686
Asia,Pakistan,1982,91462088
Asia,Pakistan,1987,105186881
Asia,Pakistan,1992,120065004
Asia,Pakistan,1997,135564834
Asia,Pakistan,2002,153403524
Asia,Pakistan,2007,169270617
Americas,Panama,1952,940080
Americas,Panama,1957,1063506
Americas,Panama,1962,1215725
Americas,Panama,1967,1405486
Americas,Panama,1972,1616384
Americas,Panama,1977,1839782
Americas,Panama,1982,2036305
Americas,Panama,1987,2253639
Americas,Panama,1992,2484997
Americas,Panama,1997,2734531
Americas,Panama,2002,2990875
Americas,Panama,2007,3242173
Americas,Paraguay,1952,1555876
Americas,Paraguay,1957,1770902
Americas,Paraguay,1962,2009813
Americas,Paraguay,1967,2287985
Americas,Paraguay,1972,2614104
Americas,Paraguay,1977,2984494
Americas,Paraguay,1982,3366439
Americas,Paraguay,1987,3886512
Americas,Paraguay,1992,4483945
Americas,Paraguay,1997,5154123
Americas,Paraguay,2002,5884491
Americas,Paraguay,2007,6667147
Americas,Peru,1952,8025700
Americas,Peru,1957,9146100
Americas,Peru,1962,10516500
Americas,Peru,1967,12132200
Americas,Peru,1972,13954700
Americas,Peru,1977,15990099
Americas,Peru,1982,18125129
Americas,Peru,1987,20195924
Americas,Peru,1992,22430449
Americas,Peru,1997,24748122
Americas,Peru,2002,26769436
Americas,Peru,2007,28674757
Asia,Philippines,1952,22438691
Asia,Philippines,1957,26072194
Asia,Philippines,1962,30325264
Asia,Philippines,1967,35356600
Asia,Philippines,1972,40850141
Asia,Philippines,1977,46850962
Asia,Philippines,1982,53456774
Asia,Philippines,1987,60017788
Asia,Philippines,1992,67185766
Asia,Philippines,1997,75012988
Asia,Philippines,2002,82995088
Asia,Philippines,2007,91077287
Europe,Poland,1952,25730551
Europe,Poland,1957,28235346
Europe,Poland,1962,30329617
Europe,Poland,1967,31785378
Europe,Poland,1972,33039545
Europe,Poland,1977,34621254
Europe,Poland,1982,36227381
Europe,Poland,1987,37740710
Europe,Poland,1992,38370697
Europe,Poland,1997,38654957
Europe,Poland,2002,38625976
Europe,Poland,2007,38518241
Europe,Portugal,1952,8526050
Europe,Portugal,1957,8817650
Europe,Portugal,1962,9019800
Europe,Portugal,1967,9103000
Europe,Portugal,1972,8970450
Europe,Portugal,1977,9662600
Europe,Portugal,1982,9859650
Europe,Portugal,1987,9915289
Europe,Portugal,1992,9927680
Europe,Portugal,1997,10156415
Europe,Portugal,2002,10433867
Europe,Portugal,2007,10642836
Americas,Puerto Rico,1952,2227000
Americas,Puerto Rico,1957,2260000
Americas,Puerto Rico,1962,2448046
Americas,Puerto Rico,1967,2648961
Americas,Puerto Rico,1972,2847132
Americas,Puerto Rico,1977,3080828
Americas,Puerto Rico,1982,3279001
Americas,Puerto Rico,1987,3444468
Americas,Puerto Rico,1992,3585176
Americas,Puerto Rico,1997,3759430
Americas,Puerto Rico,2002,3859606
Americas,Puerto Rico,2007,3942491
Africa,Reunion,1952,257700
Africa,Reunion,1957,308700
Africa,Reunion,1962,358900
Africa,Reunion,1967,414024
Africa,Reunion,1972,461633
Africa,Reunion,1977,492095
Africa,Reunion,1982,517810
Africa,Reunion,1987,562035
Africa,Reunion,1992,622191
Africa,Reunion,1997,684810
Africa,Reunion,2002,743981
Africa,Reunion,2007,798094
Europe,Romania,1952,16630000
Europe,Romania,1957,17829327
Europe,Romania,1962,18680721
Europe,Romania,1967,19284814
Europe,Romania,1972,20662648
Europe,Romania,1977,21658597
Europe,Romania,1982,22356726
Europe,Romania,1987,22686371
Europe,Romania,1992,22797027
Europe,Romania,1997,22562458
Europe,Romania,2002,22404337
Europe,Romania,2007,22276056
Africa,Rwanda,1952,2534927
Africa,Rwanda,1957,2822082
Africa,Rwanda,1962,3051242
Africa,Rwanda,1967,3451079
Africa,Rwanda,1972,3992121
Africa,Rwanda,1977,4657072
Africa,Rwanda,1982,5507565
Africa,Rwanda,1987,6349365
Africa,Rwanda,1992,7290203
Africa,Rwanda,1997,7212583
Africa,Rwanda,2002,7852401
Africa,Rwanda,2007,8860588
Africa,Sao Tome and Principe,1952,60011
Africa,Sao Tome and Principe,1957,61325
Africa,Sao Tome and Principe,1962,65345
Africa,Sao Tome and Principe,1967,70787
Africa,Sao Tome and Principe,1972,76595
Africa,Sao Tome and Principe,1977,86796
Africa,Sao Tome and Principe,1982,98593
Africa,Sao Tome and Principe,1987,110812
Africa,Sao Tome and Principe,1992,125911
Africa,Sao Tome and Principe,1997,145608
Africa,Sao Tome and Principe,2002,170372
Africa,Sao Tome and Principe,2007,199579
Asia,Saudi Arabia,1952,4005677
Asia,Saudi Arabia,1957,4419650
Asia,Saudi Arabia,1962,4943029
Asia,Saudi Arabia,1967,5618198
Asia,Saudi Arabia,1972,6472756
Asia,Saudi Arabia,1977,8128505
Asia,Saudi Arabia,1982,11254672
Asia,Saudi Arabia,1987,14619745
Asia,Saudi Arabia,1992,16945857
Asia,Saudi Arabia,1997,21229759
Asia,Saudi Arabia,2002,24501530
Asia,Saudi Arabia,2007,27601038
Africa,Senegal,1952,2755589
Africa,Senegal,1957,3054547
Africa,Senegal,1962,3430243
Africa,Senegal,1967,3965841
Africa,Senegal,1972,4588696
Africa,Senegal,1977,5260855
Africa,Senegal,1982,6147783
Africa,Senegal,1987,7171347
Africa,Senegal,1992,8307920
Africa,Senegal,1997,9535314
Africa,Senegal,2002,10870037
Africa,Senegal,2007,12267493
Europe,Serbia,1952,6860147
Europe,Serbia,1957,7271135
Europe,Serbia,1962,7616060
Europe,Serbia,1967,7971222
Europe,Serbia,1972,8313288
Europe,Serbia,1977,8686367
Europe,Serbia,1982,9032824
Europe,Serbia,1987,9230783
Europe,Serbia,1992,9826397
Europe,Serbia,1997,10336594
Europe,Serbia,2002,10111559
Europe,Serbia,2007,10150265
Africa,Sierra Leone,1952,2143249
Africa,Sierra Leone,1957,2295678
Africa,Sierra Leone,1962,2467895
Africa,Sierra Leone,1967,2662190
Africa,Sierra Leone,1972,2879013
Africa,Sierra Leone,1977,3140897
Africa,Sierra Leone,1982,3464522
Africa,Sierra Leone,1987,3868905
Africa,Sierra Leone,1992,4260884
Africa,Sierra Leone,1997,4578212
Africa,Sierra Leone,2002,5359092
Africa,Sierra Leone,2007,6144562
Asia,Singapore,1952,1127000
Asia,Singapore,1957,1445929
Asia,Singapore,1962,1750200
Asia,Singapore,1967,1977600
Asia,Singapore,1972,2152400
Asia,Singapore,1977,2325300
Asia,Singapore,1982,2651869
Asia,Singapore,1987,2794552
Asia,Singapore,1992,3235865
Asia,Singapore,1997,3802309
Asia,Singapore,2002,4197776
Asia,Singapore,2007,4553009
Europe,Slovak Republic,1952,3558137
Europe,Slovak Republic,1957,3844277
Europe,Slovak Republic,1962,4237384
Europe,Slovak Republic,1967,4442238
Europe,Slovak Republic,1972,4593433
Europe,Slovak Republic,1977,4827803
Europe,Slovak Republic,1982,5048043
Europe,Slovak Republic,1987,5199318
Europe,Slovak Republic,1992,5302888
Europe,Slovak Republic,1997,5383010
Europe,Slovak Republic,2002,5410052
Europe,Slovak Republic,2007,5447502
Europe,Slovenia,1952,1489518
Europe,Slovenia,1957,1533070
Europe,Slovenia,1962,1582962
Europe,Slovenia,1967,1646912
Europe,Slovenia,1972,1694510
Europe,Slovenia,1977,1746919
Europe,Slovenia,1982,1861252
Europe,Slovenia,1987,1945870
Europe,Slovenia,1992,1999210
Europe,Slovenia,1997,2011612
Europe,Slovenia,2002,2011497
Europe,Slovenia,2007,2009245
Africa,Somalia,1952,2526994
Africa,Somalia,1957,2780415
Africa,Somalia,1962,3080153
Africa,Somalia,1967,3428839
Africa,Somalia,1972,3840161
Africa,Somalia,1977,4353666
Africa,Somalia,1982,5828892
Africa,Somalia,1987,6921858
Africa,Somalia,1992,6099799
Africa,Somalia,1997,6633514
Africa,Somalia,2002,7753310
Africa,Somalia,2007,9118773
Africa,South Africa,1952,14264935
Africa,South Africa,1957,16151549
Africa,South Africa,1962,18356657
Africa,South Africa,1967,20997321
Africa,South Africa,1972,23935810
Africa,South Africa,1977,27129932
Africa,South Africa,1982,31140029
Africa,South Africa,1987,35933379
Africa,South Africa,1992,39964159
Africa,South Africa,1997,42835005
Africa,South Africa,2002,44433622
Africa,South Africa,2007,43997828
Europe,Spain,1952,28549870
Europe,Spain,1957,29841614
Europe,Spain,1962,31158061
Europe,Spain,1967,32850275
Europe,Spain,1972,34513161
Europe,Spain,1977,36439000
Europe,Spain,1982,37983310
Europe,Spain,1987,38880702
Europe,Spain,1992,39549438
Europe,Spain,1997,39855442
Europe,Spain,2002,40152517
Europe,Spain,2007,40448191
Asia,Sri Lanka,1952,7982342
Asia,Sri Lanka,1957,9128546
Asia,Sri Lanka,1962,10421936
Asia,Sri Lanka,1967,11737396
Asia,Sri Lanka,1972,13016733
Asia,Sri Lanka,1977,14116836
Asia,Sri Lanka,1982,15410151
Asia,Sri Lanka,1987,16495304
Asia,Sri Lanka,1992,17587060
Asia,Sri Lanka,1997,18698655
Asia,Sri Lanka,2002,19576783
Asia,Sri Lanka,2007,20378239
Africa,Sudan,1952,8504667
Africa,Sudan,1957,9753392
Africa,Sudan,1962,11183227
Africa,Sudan,1967,12716129
Africa,Sudan,1972,14597019
Africa,Sudan,1977,17104986
Africa,Sudan,1982,20367053
Africa,Sudan,1987,24725960
Africa,Sudan,1992,28227588
Africa,Sudan,1997,32160729
Africa,Sudan,2002,37090298
Africa,Sudan,2007,42292929
Africa,Swaziland,1952,290243
Africa,Swaziland,1957,326741
Africa,Swaziland,1962,370006
Africa,Swaziland,1967,420690
Africa,Swaziland,1972,480105
Africa,Swaziland,1977,551425
Africa,Swaziland,1982,649901
Africa,Swaziland,1987,779348
Africa,Swaziland,1992,962344
Africa,Swaziland,1997,1054486
Africa,Swaziland,2002,1130269
Africa,Swaziland,2007,1133066
Europe,Sweden,1952,7124673
Europe,Sweden,1957,7363802
Europe,Sweden,1962,7561588
Europe,Sweden,1967,7867931
Europe,Sweden,1972,8122293
Europe,Sweden,1977,8251648
Europe,Sweden,1982,8325260
Europe,Sweden,1987,8421403
Europe,Sweden,1992,8718867
Europe,Sweden,1997,8897619
Europe,Sweden,2002,8954175
Europe,Sweden,2007,9031088
Europe,Switzerland,1952,4815000
Europe,Switzerland,1957,5126000
Europe,Switzerland,1962,5666000
Europe,Switzerland,1967,6063000
Europe,Switzerland,1972,6401400
Europe,Switzerland,1977,6316424
Europe,Switzerland,1982,6468126
Europe,Switzerland,1987,6649942
Europe,Switzerland,1992,6995447
Europe,Switzerland,1997,7193761
Europe,Switzerland,2002,7361757
Europe,Switzerland,2007,7554661
Asia,Syria,1952,3661549
Asia,Syria,1957,4149908
Asia,Syria,1962,4834621
Asia,Syria,1967,5680812
Asia,Syria,1972,6701172
Asia,Syria,1977,7932503
Asia,Syria,1982,9410494
Asia,Syria,1987,11242847
Asia,Syria,1992,13219062
Asia,Syria,1997,15081016
Asia,Syria,2002,17155814
Asia,Syria,2007,19314747
Asia,Taiwan,1952,8550362
Asia,Taiwan,1957,10164215
Asia,Taiwan,1962,11918938
Asia,Taiwan,1967,13648692
Asia,Taiwan,1972,15226039
Asia,Taiwan,1977,16785196
Asia,Taiwan,1982,18501390
Asia,Taiwan,1987,19757799
Asia,Taiwan,1992,20686918
Asia,Taiwan,1997,21628605
Asia,Taiwan,2002,22454239
Asia,Taiwan,2007,23174294
Africa,Tanzania,1952,8322925
Africa,Tanzania,1957,9452826
Africa,Tanzania,1962,10863958
Africa,Tanzania,1967,12607312
Africa,Tanzania,1972,14706593
Africa,Tanzania,1977,17129565
Africa,Tanzania,1982,19844382
Africa,Tanzania,1987,23040630
Africa,Tanzania,1992,26605473
Africa,Tanzania,1997,30686889
Africa,Tanzania,2002,34593779
Africa,Tanzania,2007,38139640
Asia,Thailand,1952,21289402
Asia,Thailand,1957,25041917
Asia,Thailand,1962,29263397
Asia,Thailand,1967,34024249
Asia,Thailand,1972,39276153
Asia,Thailand,1977,44148285
Asia,Thailand,1982,48827160
Asia,Thailand,1987,52910342
Asia,Thailand,1992,56667095
Asia,Thailand,1997,60216677
Asia,Thailand,2002,62806748
Asia,Thailand,2007,65068149
Africa,Togo,1952,1219113
Africa,Togo,1957,1357445
Africa,Togo,1962,1528098
Africa,Togo,1967,1735550
Africa,Togo,1972,2056351
Africa,Togo,1977,2308582
Africa,Togo,1982,2644765
Africa,Togo,1987,3154264
Africa,Togo,1992,3747553
Africa,Togo,1997,4320890
Africa,Togo,2002,4977378
Africa,Togo,2007,5701579
Americas,Trinidad and Tobago,1952,662850
Americas,Trinidad and Tobago,1957,764900
Americas,Trinidad and Tobago,1962,887498
Americas,Trinidad and Tobago,1967,960155
Americas,Trinidad and Tobago,1972,975199
Americas,Trinidad and Tobago,1977,1039009
Americas,Trinidad and Tobago,1982,1116479
Americas,Trinidad and Tobago,1987,1191336
Americas,Trinidad and Tobago,1992,1183669
Americas,Trinidad and Tobago,1997,1138101
Americas,Trinidad and Tobago,2002,1101832
Americas,Trinidad and Tobago,2007,1056608
Africa,Tunisia,1952,3647735
Africa,Tunisia,1957,3950849
Africa,Tunisia,1962,4286552
Africa,Tunisia,1967,4786986
Africa,Tunisia,1972,5303507
Africa,Tunisia,1977,6005061
Africa,Tunisia,1982,6734098
Africa,Tunisia,1987,7724976
Africa,Tunisia,1992,8523077
Africa,Tunisia,1997,9231669
Africa,Tunisia,2002,9770575
Africa,Tunisia,2007,10276158
Europe,Turkey,1952,22235677
Europe,Turkey,1957,25670939
Europe,Turkey,1962,29788695
Europe,Turkey,1967,33411317
Europe,Turkey,1972,37492953
Europe,Turkey,1977,42404033
Europe,Turkey,1982,47328791
Europe,Turkey,1987,52881328
Europe,Turkey,1992,58179144
Europe,Turkey,1997,63047647
Europe,Turkey,2002,67308928
Europe,Turkey,2007,71158647
Africa,Uganda,1952,5824797
Africa,Uganda,1957,6675501
Africa,Uganda,1962,7688797
Africa,Uganda,1967,8900294
Africa,Uganda,1972,10190285
Africa,Uganda,1977,11457758
Africa,Uganda,1982,12939400
Africa,Uganda,1987,15283050
Africa,Uganda,1992,18252190
Africa,Uganda,1997,21210254
Africa,Uganda,2002,24739869
Africa,Uganda,2007,29170398
Europe,United Kingdom,1952,50430000
Europe,United Kingdom,1957,51430000
Europe,United Kingdom,1962,53292000
Europe,United Kingdom,1967,54959000
Europe,United Kingdom,1972,56079000
Europe,United Kingdom,1977,56179000
Europe,United Kingdom,1982,56339704
Europe,United Kingdom,1987,56981620
Europe,United Kingdom,1992,57866349
Europe,United Kingdom,1997,58808266
Europe,United Kingdom,2002,59912431
Europe,United Kingdom,2007,60776238
Americas,United States,1952,157553000
Americas,United States,1957,171984000
Americas,United States,1962,186538000
Americas,United States,1967,198712000
Americas,United States,1972,209896000
Americas,United States,1977,220239000
Americas,United States,1982,232187835
Americas,United States,1987,242803533
Americas,United States,1992,256894189
Americas,United States,1997,272911760
Americas,United States,2002,287675526
Americas,United States,2007,301139947
Americas,Uruguay,1952,2252965
Americas,Uruguay,1957,2424959
Americas,Uruguay,1962,2598466
Americas,Uruguay,1967,2748579
Americas,Uruguay,1972,2829526
Americas,Uruguay,1977,2873520
Americas,Uruguay,1982,2953997
Americas,Uruguay,1987,3045153
Americas,Uruguay,1992,3149262
Americas,Uruguay,1997,3262838
Americas,Uruguay,2002,3363085
Americas,Uruguay,2007,3447496
Americas,Venezuela,1952,5439568
Americas,Venezuela,1957,6702668
Americas,Venezuela,1962,8143375
Americas,Venezuela,1967,9709552
Americas,Venezuela,1972,11515649
Americas,Venezuela,1977,13503563
Americas,Venezuela,1982,15620766
Americas,Venezuela,1987,17910182
Americas,Venezuela,1992,20265563
Americas,Venezuela,1997,22374398
Americas,Venezuela,2002,24287670
Americas,Venezuela,2007,26084662
Asia,Vietnam,1952,26246839
Asia,Vietnam,1957,28998543
Asia,Vietnam,1962,33796140
Asia,Vietnam,1967,39463910
Asia,Vietnam,1972,44655014
Asia,Vietnam,1977,50533506
Asia,Vietnam,1982,56142181
Asia,Vietnam,1987,62826491
Asia,Vietnam,1992,69940728
Asia,Vietnam,1997,76048996
Asia,Vietnam,2002,80908147
Asia,Vietnam,2007,85262356
Asia,West Bank and Gaza,1952,1030585
Asia,West Bank and Gaza,1957,1070439
Asia,West Bank and Gaza,1962,1133134
Asia,West Bank and Gaza,1967,1142636
Asia,West Bank and Gaza,1972,1089572
Asia,West Bank and Gaza,1977,1261091
Asia,West Bank and Gaza,1982,1425876
Asia,West Bank and Gaza,1987,1691210
Asia,West Bank and Gaza,1992,2104779
Asia,West Bank and Gaza,1997,2826046
Asia,West Bank and Gaza,2002,3389578
Asia,West Bank and Gaza,2007,4018332
Asia,"Yemen, Rep.",1952,4963829
Asia,"Yemen, Rep.",1957,5498090
Asia,"Yemen, Rep.",1962,6120081
Asia,"Yemen, Rep.",1967,6740785
Asia,"Yemen, Rep.",1972,7407075
Asia,"Yemen, Rep.",1977,8403990
Asia,"Yemen, Rep.",1982,9657618
Asia,"Yemen, Rep.",1987,11219340
Asia,"Yemen, Rep.",1992,13367997
Asia,"Yemen, Rep.",1997,15826497
Asia,"Yemen, Rep.",2002,18701257
Asia,"Yemen, Rep.",2007,22211743
Africa,Zambia,1952,2672000
Africa,Zambia,1957,3016000
Africa,Zambia,1962,3421000
Africa,Zambia,1967,3900000
Africa,Zambia,1972,4506497
Africa,Zambia,1977,5216550
Africa,Zambia,1982,6100407
Africa,Zambia,1987,7272406
Africa,Zambia,1992,8381163
Africa,Zambia,1997,9417789
Africa,Zambia,2002,10595811
Africa,Zambia,2007,11746035
Africa,Zimbabwe,1952,3080907
Africa,Zimbabwe,1957,3646340
Africa,Zimbabwe,1962,4277736
Africa,Zimbabwe,1967,4995432
Africa,Zimbabwe,1972,5861135
Africa,Zimbabwe,1977,6642107
Africa,Zimbabwe,1982,7636524
Africa,Zimbabwe,1987,9216418
Africa,Zimbabwe,1992,10704340
Africa,Zimbabwe,1997,11404948
Africa,Zimbabwe,2002,11926563
Africa,Zimbabwe,2007,12311143
